<?xml version="1.0" standalone="yes"?>
<!--Generated by Virtual Remote  1.0-->
<Msg>
	<Head>
		<MsgID>21</MsgID>
		<Description>Create g5 Blood Sugar Monitor Component</Description>
	</Head>
	<Body>
		<Item>
			<Key>Passcode</Key>
			<Value>****</Value>
		</Item>
		<Item>
			<Key>SecurityLevel</Key>
			<Value>3</Value>
		</Item>
		<Item>
			<Key>Name</Key>
			<Value>g5bloodsugar</Value>
		</Item>
		<Item>
			<Key>SourceCode</Key>
			<Value>g5bloodsugar.class</Value>
		</Item>
		<Item>
			<Key>InputMsgID 1</Key>
			<Value>26</Value>
		</Item>
		<Item>
			<Key>InputMsgID 2</Key>
			<Value>41</Value>
		</Item>
		<Item>
			<Key>InputMsgID 3</Key>
			<Value>45</Value>
		</Item>
		<Item>
			<Key>InputMsgID 4</Key>
			<Value>151</Value>
		</Item>
		<Item>
			<Key>OutputMsgID 1</Key>
			<Value>23</Value>
		</Item>
		<Item>
			<Key>OutputMsgID 2</Key>
			<Value>26</Value>
		</Item>
		<Item>
			<Key>OutputMsgID 3</Key>
			<Value>42</Value>
		</Item>
		<Item>
			<Key>OutputMsgID 4</Key>
			<Value>150</Value>
		</Item>
		<Item>
			<Key>Component Description</Key>
			<Value>BloodSugarMonitor checks for an abnormality in the blood sugar reading.</Value>
		</Item>
	</Body>
</Msg>
