<?xml version="1.0" standalone="yes"?>
<!--Generated by Virtual Remote  1.0-->
<Msg>
	<Head>
		<MsgID>20</MsgID>
		<Description>Create g5 Blood Sugar Monitor KB Component</Description>
	</Head>
	<Body>
		<Item>
			<Key>Passcode</Key>
			<Value>****</Value>
		</Item>
		<Item>
			<Key>SecurityLevel</Key>
			<Value>3</Value>
		</Item>
		<Item>
			<Key>Name</Key>
			<Value>g5kb</Value>
		</Item>
		<Item>
			<Key>SourceCode</Key>
			<Value>g5kb.class</Value>
		</Item>
		<Item>
			<Key>InputMsgID 1</Key>
			<Value>26</Value>
		</Item>
		<Item>
			<Key>InputMsgID 2</Key>
			<Value>150</Value>
		</Item>
		<Item>
			<Key>OutputMsgID 1</Key>
			<Value>23</Value>
		</Item>
		<Item>
			<Key>OutputMsgID 2</Key>
			<Value>26</Value>
		</Item>
		<Item>
			<Key>OutputMsgID 3</Key>
			<Value>151</Value>
		</Item>
		<Item>
			<Key>Component Description</Key>
			<Value>Blood Sugar KB just looks up the result to see if blood sugar reading is low, normal, or high and returns result to BloodSugarMonitor component.</Value>
		</Item>
	</Body>
</Msg>
