<?xml version="1.0" standalone="yes"?>
<!--Generated by Virtual Remote  1.0-->
<Msg>
	<Head><MsgID>45</MsgID><Description>User Profile</Description></Head>
	<Body><Item><Key>UserName</Key><Value>user001</Value></Item>
	<Item><Key>Sex</Key><Value>male</Value></Item>
	<Item><Key>Age</Key><Value>51</Value></Item>
	<Item><Key>Weight</Key><Value>167</Value></Item>
	<Item><Key>Height</Key><Value>62</Value></Item>
	<Item><Key>Diabetes</Key><Value>normal</Value></Item>
	<Item><Key>HeartDisease</Key><Value>yes</Value></Item>
	<Item><Key>Meal</Key><Value>fasting</Value></Item>
	<Item><Key>DateTime</Key><Value>2010-03-16 15:05:10.00000843</Value></Item></Body>
</Msg>
