<Msg>
	<Head>
		<MsgID>21</MsgID>
		<Description>Create Group 8 EKG Knowledge Base Component</Description>
	</Head>
	<Body>
		<Item><Key>Passcode</Key><Value>****</Value></Item>
		<Item><Key>SecurityLevel</Key><Value>3</Value></Item>
		<Item><Key>Name</Key><Value>g8kb</Value></Item>
		<Item><Key>SourceCode</Key><Value>g8kb.java</Value></Item>
		<Item><Key>InputMsgID 1</Key><Value>182</Value></Item>
		<Item><Key>OutputMsgID 1</Key><Value>181</Value></Item>
		<Item><Key>OutputMsgID 2</Key><Value>183</Value></Item>
		<Item><Key>Component Description</Key><Value>EKG Knowledge base analyzes EKG reading data and compares with user profile variables to look for abnormal readings.</Value></Item>
		<Item><Key>KnowledgeBase</Key><Value>g8kb.java</Value></Item>
	</Body>
</Msg>