<Msg>
	<Head>
		<MsgID>182</MsgID>
		<Description>Send EKG Data</Description>
	</Head>
	<Body>
		<Item><Key>HeartRate</Key><Value>97</Value></Item>
		<Item><Key>Rhythm</Key><Value>1</Value></Item>
		<Item><Key>QTLength</Key><Value>430</Value></Item>
		<Item><Key>Age</Key><Value>62</Value></Item>
		<Item><Key>BMI</Key><Value>30.54136</Value></Item>
		<Item><Key>Sex</Key><Value>male</Value></Item>
		<Item><Key>HeartDisease</Key><Value>yes</Value></Item>
		<Item><Key>DestinationComp</Key><Value>g8kb</Value></Item>
		<Item><Key>SourceComp</Key><Value>g8ekg</Value></Item>
	</Body>
</Msg>